--krunalpatel_1076_SQLAssessment 2

create database krunal

use krunal

create table customers (customerid int primary key, customername varchar(30), city varchar(30), joindate varchar(30))

insert into customers values (1,'krunal','ankleshwar','2025-03-19'),
(2,'viral','ankleshwar','2024-03-25'),
(3,'aditya','surat','2020-10-21'),
(4,'rutul','vadodara','2021-08-14'),
(5,'jahan','mumbai','2026-02-08')

insert into customers values (6,'mahesh','jaipur','2019-09-11')

create table products (productid int primary key, productname varchar(30), category varchar(30), price money)

insert into products values (101,'smartphone','electonics',40000),
(102,'sportbike','vehicle',160000),
(103,'speaker','electronics',20000),
(104,'car','vehicle',700000),
(105,'criketbat','sportitem',10000)

insert into products values (106,'shirt','garments',1200)

create table orders (orderid int primary key, customerid int foreign key references customers (customerid), productid int foreign key references products (productid), orderdate varchar(30), quantity int)

insert into orders values (1001,1,101,'2026-01-10',3),
(1002,2,102,'2024-08-12',1),
(1003,3,103,'2021-04-11',2),
(1004,4,104,'2023-02-27',1),
(1005,5,105,'2026-02-14',6)

select * from customers
select * from products
select * from orders


--1. Retrieve a list of all orders. Show the CustomerName, the ProductName, and the OrderDate
select c.customername,p.productname,o.orderdate from customers c
join orders o
on c.customerid=o.customerid
join products p
on o.productid=p.productid

--2. Calculate the total revenue generated by each product category. Show the Category and the TotalRevenue
select p.category,sum(p.price*o.quantity) as total_revenue from products p
join orders o
on p.productid=o.productid
group by p.category

--3. List all customers who have never placed an order.
select * from customers c
left join orders o
on c.customerid=o.customerid
where o.customerid is null

--4. Select all customers and their order IDs. If they have no orders, the OrderID will naturally be NULL.
select c.customerid,c.customername,o.orderid from customers c
full join orders o
on c.customerid=o.customerid

--5. Find the names of customers who have bought more than 10 items in total.
select c.customername,o.quantity from customers c
join orders o
on c.customerid=o.customerid
where o.quantity>10

--6. Display a list of all Products and the OrderID associated with them. This list must include products that have never been sold.
select * from products p
left join orders o
on p.productid=o.productid

--7. List all ProductNames that have been ordered by customers living in 'Vadodara’.
select p.productname,c.city from products p
join orders o
on p.productid=o.productid
join customers c
on o.customerid=c.customerid
where c.city='vadodara'

--8. Display a list of all Product Names and their Prices, sorted from the cheapest to the most expensive.
select productname,price from products
order by price 
